Workbook

Sheet Painel
B2: 📊 CONTROLE DE INVESTIMENTO COM RENDIMENTO MENSAL
B4: ⚙️ PREMISSAS
B5: Saldo Inicial (R$) | D5: 159772.76
B6: Taxa Mensal (%) | D6: 0.01
B7: Mês Inicial | D7: 46054
B8: Nº de meses na tabela | D8: 24
B10: 📈 POSIÇÃO ATUAL (ÚLTIMO MÊS REGISTRADO)
B11: Saldo Atual (R$) | C11: Total Aportado (R$) | D11: Total Retirado (R$) | E11: Rendimento Acumulado (R$)
B12: =IFERROR(INDEX(Movimentações!H:H,MATCH(DATE(YEAR(TODAY()),MONTH(TODAY()),1),Movimentações!C:C,0)),D5) -> 302236.59 | C12: =IFERROR(SUMIF(Movimentações!D:D,"Aporte",Movimentações!E:E),0) -> 133695.5 | D12: =IFERROR(SUMIF(Movimentações!D:D,"Retirada",Movimentações!E:E),0) -> 0 | E12: =IFERROR(B12-D5-C12+D12,0) -> 8768.3291
B14: 🎨 LEGENDA DE CORES
B15: ■ | C15: Células de entrada (editáveis pelo usuário)
B16: ■ | C16: Cálculos automáticos – não editar
B17: ■ | C17: Retiradas
B18: ■ | C18: Aportes

Sheet Movimentações
B2: 📋 MOVIMENTAÇÕES MENSAIS
B4: # | C4: Mês/Ano | D4: Tipo | E4: Valor (R$) | F4: Saldo Anterior (R$) | G4: Rendimento (R$) | H4: Saldo Final (R$)
B5: 0 | C5: 46054 | D5: Saldo Inicial | E5: 0 | F5: 0 | G5: =Painel!D5 -> 159772.76 | H5: =G5 -> 159772.76
B6: =B5+1 -> 1 | C6: =DATE(YEAR(C5),MONTH(C5)+1,1) -> 46082 | D6: Aporte | E6: =5000+5000+20000+4643.7-1500-750-203.2+10000 -> 42190.5 | F6: =H5 -> 159772.76 | G6: =F6*Painel!$D$6 -> 1597.7276 | H6: =F6+G6+IF(D6="Aporte",E6,0)-IF(D6="Retirada",E6,0) -> 203560.99
B7: =B6+1 -> 2 | C7: =DATE(YEAR(C6),MONTH(C6)+1,1) -> 46113 | D7: Aporte | E7: =13000+22000 -> 35000 | F7: =H6 -> 203560.99 | G7: =F7*Painel!$D$6 -> 2035.6099 | H7: =F7+G7+IF(D7="Aporte",E7,0)-IF(D7="Retirada",E7,0) -> 240596.6
B8: =B7+1 -> 3 | C8: =DATE(YEAR(C7),MONTH(C7)+1,1) -> 46143 | D8: Aporte | E8: =2900+25000+2000 -> 29900 | F8: =H7 -> 240596.6 | G8: =F8*Painel!$D$6 -> 2405.966 | H8: =F8+G8+IF(D8="Aporte",E8,0)-IF(D8="Retirada",E8,0) -> 272902.56
B9: =B8+1 -> 4 | C9: =DATE(YEAR(C8),MONTH(C8)+1,1) -> 46174 | D9: Aporte | E9: =7000+10000+9605 -> 26605 | F9: =H8 -> 272902.56 | G9: =F9*Painel!$D$6 -> 2729.0256 | H9: =F9+G9+IF(D9="Aporte",E9,0)-IF(D9="Retirada",E9,0) -> 302236.59
B10: =B9+1 -> 5 | C10: =DATE(YEAR(C9),MONTH(C9)+1,1) -> 46204 | D10: Nenhum | E10: 0 | F10: =H9 -> 302236.59 | G10: =F10*Painel!$D$6 -> 3022.3659 | H10: =F10+G10+IF(D10="Aporte",E10,0)-IF(D10="Retirada",E10,0) -> 305258.95
B11: =B10+1 -> 6 | C11: =DATE(YEAR(C10),MONTH(C10)+1,1) -> 46235 | D11: Nenhum | E11: 0 | F11: =H10 -> 305258.95 | G11: =F11*Painel!$D$6 -> 3052.5895 | H11: =F11+G11+IF(D11="Aporte",E11,0)-IF(D11="Retirada",E11,0) -> 308311.54
B12: =B11+1 -> 7 | C12: =DATE(YEAR(C11),MONTH(C11)+1,1) -> 46266 | D12: Nenhum | E12: 0 | F12: =H11 -> 308311.54 | G12: =F12*Painel!$D$6 -> 3083.1154 | H12: =F12+G12+IF(D12="Aporte",E12,0)-IF(D12="Retirada",E12,0) -> 311394.66
B13: =B12+1 -> 8 | C13: =DATE(YEAR(C12),MONTH(C12)+1,1) -> 46296 | D13: Nenhum | E13: 0 | F13: =H12 -> 311394.66 | G13: =F13*Painel!$D$6 -> 3113.9466 | H13: =F13+G13+IF(D13="Aporte",E13,0)-IF(D13="Retirada",E13,0) -> 314508.61
B14: =B13+1 -> 9 | C14: =DATE(YEAR(C13),MONTH(C13)+1,1) -> 46327 | D14: Nenhum | E14: 0 | F14: =H13 -> 314508.61 | G14: =F14*Painel!$D$6 -> 3145.0861 | H14: =F14+G14+IF(D14="Aporte",E14,0)-IF(D14="Retirada",E14,0) -> 317653.69
B15: =B14+1 -> 10 | C15: =DATE(YEAR(C14),MONTH(C14)+1,1) -> 46357 | D15: Nenhum | E15: 0 | F15: =H14 -> 317653.69 | G15: =F15*Painel!$D$6 -> 3176.5369 | H15: =F15+G15+IF(D15="Aporte",E15,0)-IF(D15="Retirada",E15,0) -> 320830.23
B16: =B15+1 -> 11 | C16: =DATE(YEAR(C15),MONTH(C15)+1,1) -> 46388 | D16: Nenhum | E16: 0 | F16: =H15 -> 320830.23 | G16: =F16*Painel!$D$6 -> 3208.3023 | H16: =F16+G16+IF(D16="Aporte",E16,0)-IF(D16="Retirada",E16,0) -> 324038.53
B17: =B16+1 -> 12 | C17: =DATE(YEAR(C16),MONTH(C16)+1,1) -> 46419 | D17: Nenhum | E17: 0 | F17: =H16 -> 324038.53 | G17: =F17*Painel!$D$6 -> 3240.3853 | H17: =F17+G17+IF(D17="Aporte",E17,0)-IF(D17="Retirada",E17,0) -> 327278.92
B18: =B17+1 -> 13 | C18: =DATE(YEAR(C17),MONTH(C17)+1,1) -> 46447 | D18: Nenhum | E18: 0 | F18: =H17 -> 327278.92 | G18: =F18*Painel!$D$6 -> 3272.7892 | H18: =F18+G18+IF(D18="Aporte",E18,0)-IF(D18="Retirada",E18,0) -> 330551.71
B19: =B18+1 -> 14 | C19: =DATE(YEAR(C18),MONTH(C18)+1,1) -> 46478 | D19: Nenhum | E19: 0 | F19: =H18 -> 330551.71 | G19: =F19*Painel!$D$6 -> 3305.5171 | H19: =F19+G19+IF(D19="Aporte",E19,0)-IF(D19="Retirada",E19,0) -> 333857.22
B20: =B19+1 -> 15 | C20: =DATE(YEAR(C19),MONTH(C19)+1,1) -> 46508 | D20: Nenhum | E20: 0 | F20: =H19 -> 333857.22 | G20: =F20*Painel!$D$6 -> 3338.5722 | H20: =F20+G20+IF(D20="Aporte",E20,0)-IF(D20="Retirada",E20,0) -> 337195.8
B21: =B20+1 -> 16 | C21: =DATE(YEAR(C20),MONTH(C20)+1,1) -> 46539 | D21: Nenhum | E21: 0 | F21: =H20 -> 337195.8 | G21: =F21*Painel!$D$6 -> 3371.958 | H21: =F21+G21+IF(D21="Aporte",E21,0)-IF(D21="Retirada",E21,0) -> 340567.75
... B29: =B28+1 -> 24 | C29: =DATE(YEAR(C28),MONTH(C28)+1,1) -> 46784 | D29: Nenhum | E29: 0 | F29: =H28 -> 365134.73 | G29: =F29*Painel!$D$6 -> 3651.3473 | H29: =F29+G29+IF(D29="Aporte",E29,0)-IF(D29="Retirada",E29,0) -> 368786.08
B30: TOTAIS | E30: =SUMIF(D6:D29,"Aporte",E6:E29) -> 133695.5 | F30: =SUMIF(D6:D29,"Retirada",E6:E29) -> 0 | G30: =SUM(G6:G29) -> 75317.816 | H30: =G29 -> 3651.3473
B32: ℹ️ Para registrar uma movimentação: selecione o Tipo na coluna D (Aporte ou Retirada) e insira o valor em R$ na coluna E. O saldo será recalculado automaticamente.

Sheet Evolução
B2: 📉 EVOLUÇÃO DO SALDO
B4: Mês | C4: Saldo Inicial | D4: Rendimento Mensal (R$) | E4: Saldo Final (R$)
B5: =Movimentações!C5 -> 46054 | C5: 0 | D5: 0 | E5: =Movimentações!H5 -> 159772.76
B6: =Movimentações!C6 -> 46082 | C6: =Movimentações!F6 -> 159772.76 | D6: =Movimentações!G6 -> 1597.7276 | E6: =Movimentações!H6 -> 203560.99
B7: =Movimentações!C7 -> 46113 | C7: =Movimentações!F7 -> 203560.99 | D7: =Movimentações!G7 -> 2035.6099 | E7: =Movimentações!H7 -> 240596.6
B8: =Movimentações!C8 -> 46143 | C8: =Movimentações!F8 -> 240596.6 | D8: =Movimentações!G8 -> 2405.966 | E8: =Movimentações!H8 -> 272902.56
B9: =Movimentações!C9 -> 46174 | C9: =Movimentações!F9 -> 272902.56 | D9: =Movimentações!G9 -> 2729.0256 | E9: =Movimentações!H9 -> 302236.59
B10: =Movimentações!C10 -> 46204 | C10: =Movimentações!F10 -> 302236.59 | D10: =Movimentações!G10 -> 3022.3659 | E10: =Movimentações!H10 -> 305258.95
B11: =Movimentações!C11 -> 46235 | C11: =Movimentações!F11 -> 305258.95 | D11: =Movimentações!G11 -> 3052.5895 | E11: =Movimentações!H11 -> 308311.54
B12: =Movimentações!C12 -> 46266 | C12: =Movimentações!F12 -> 308311.54 | D12: =Movimentações!G12 -> 3083.1154 | E12: =Movimentações!H12 -> 311394.66
B13: =Movimentações!C13 -> 46296 | C13: =Movimentações!F13 -> 311394.66 | D13: =Movimentações!G13 -> 3113.9466 | E13: =Movimentações!H13 -> 314508.61
B14: =Movimentações!C14 -> 46327 | C14: =Movimentações!F14 -> 314508.61 | D14: =Movimentações!G14 -> 3145.0861 | E14: =Movimentações!H14 -> 317653.69
B15: =Movimentações!C15 -> 46357 | C15: =Movimentações!F15 -> 317653.69 | D15: =Movimentações!G15 -> 3176.5369 | E15: =Movimentações!H15 -> 320830.23
B16: =Movimentações!C16 -> 46388 | C16: =Movimentações!F16 -> 320830.23 | D16: =Movimentações!G16 -> 3208.3023 | E16: =Movimentações!H16 -> 324038.53
B17: =Movimentações!C17 -> 46419 | C17: =Movimentações!F17 -> 324038.53 | D17: =Movimentações!G17 -> 3240.3853 | E17: =Movimentações!H17 -> 327278.92
... B29: =Movimentações!C29 -> 46784 | C29: =Movimentações!F29 -> 365134.73 | D29: =Movimentações!G29 -> 3651.3473 | E29: =Movimentações!H29 -> 368786.08
